"COUNTRY","ISO3","DATE_UPDATED","TOTAL_VACCINATIONS","PERSONS_FULLY_VACCINATED","VACCINES_USED","FIRST_VACCINE_DATE","NUMBER_VACCINES_TYPES_USED"
"Zimbabwe","ZWE",2022-03-11,7956589,3418175,"Beijing CNBG - BBIBP-CorV,Bharat - Covaxin,Gamaleya - Gam-Covid-Vac,Sinovac - CoronaVac",2021-02-18,4
"Zambia","ZMB",2022-03-13,3146910,2020957,"Beijing CNBG - BBIBP-CorV,Janssen - Ad26.COV 2-S,SII - Covishield",2021-04-14,3
"Yemen","YEM",2022-03-06,784792,384655,"Janssen - Ad26.COV 2-S,SII - Covishield,Sinovac - CoronaVac",2021-04-20,3
"Wallis and Futuna","WLF",2022-02-18,15633,6399,"Moderna - Spikevax",2021-03-19,1
"Viet Nam","VNM",2022-02-24,192865986,75322542,"AstraZeneca - Vaxzevria,Beijing CNBG - BBIBP-CorV,CIGB - CIGB-66,Gamaleya - Gam-Covid-Vac,Moderna - Spikevax,Pfizer BioNTech - Comirnaty",2021-03-08,6
"Venezuela (Bolivarian Republic of)","VEN",2022-02-25,37860994,14287370,"Beijing CNBG - BBIBP-CorV,CIGB - CIGB-66,Finlay - Soberana-02,Gamaleya - Gam-Covid-Vac,Gamaleya - Sputnik-Light,Sinovac - CoronaVac",2021-02-22,6
"Vanuatu","VUT",2022-02-20,197335,85180,"AstraZeneca - Vaxzevria,Beijing CNBG - BBIBP-CorV,Janssen - Ad26.COV 2-S",2021-06-02,3
"Uzbekistan","UZB",2022-03-06,43564564,13564885,"Anhui ZL - Recombinant,Gamaleya - Gam-Covid-Vac,Gamaleya - Sputnik-Light,Moderna - Spikevax,Pfizer BioNTech - Comirnaty,SII - Covishield,Sinovac - CoronaVac",2021-04-28,7
"Uruguay","URY",2022-02-25,7612199,2728709,"AstraZeneca - Vaxzevria,Pfizer BioNTech - Comirnaty,Sinovac - CoronaVac",2021-02-27,3
"United States of America","USA",2022-02-25,537567013,210172612,"Janssen - Ad26.COV 2-S,Moderna - Spikevax,Pfizer BioNTech - Comirnaty",2020-12-14,3
"United Republic of Tanzania","TZA",2022-03-11,5031070,2779782,"Beijing CNBG - BBIBP-CorV,Janssen - Ad26.COV 2-S,Pfizer BioNTech - Comirnaty",2021-07-28,3
"United Arab Emirates","ARE",2022-03-03,24247279,9618421,"AstraZeneca - Vaxzevria,Beijing CNBG - BBIBP-CorV,Gamaleya - Gam-Covid-Vac,Pfizer BioNTech - Comirnaty,SII - Covishield",2020-12-14,5
"Ukraine","UKR",2022-02-27,31668577,15153577,"AstraZeneca - Vaxzevria,Janssen - Ad26.COV 2-S,Moderna - Spikevax,Pfizer BioNTech - Comirnaty,SII - Covishield,Sinovac - CoronaVac",2021-02-24,6
"Uganda","UGA",2022-03-09,17060289,2985472,"Janssen - Ad26.COV 2-S,Moderna - Spikevax,Pfizer BioNTech - Comirnaty,SII - Covishield,Sinovac - CoronaVac",2021-03-10,5
"Tuvalu","TUV",2021-10-22,12114,5884,"AstraZeneca - Vaxzevria",2021-04-13,1
"Turks and Caicos Islands","TCA",2022-02-25,68176,29160,"Pfizer BioNTech - Comirnaty",2021-01-11,1
"Turkmenistan","TKM",2021-09-05,7580976,3206282,"Anhui ZL - Recombinant,AstraZeneca - Vaxzevria,Beijing CNBG - BBIBP-CorV,Gamaleya - Gam-Covid-Vac,RIBSP - QazVac,SRCVB - EpiVacCorona",2021-02-24,6
"Tunisia","TUN",2022-02-27,14629647,6330350,"AstraZeneca - Vaxzevria,Beijing CNBG - BBIBP-CorV,Gamaleya - Gam-Covid-Vac,Janssen - Ad26.COV 2-S,Moderna - Spikevax,Pfizer BioNTech - Comirnaty,Sinovac - CoronaVac",2021-03-13,7
"Trinidad and Tobago","TTO",2022-02-25,1520535,701881,"AstraZeneca - Vaxzevria,Beijing CNBG - BBIBP-CorV,Janssen - Ad26.COV 2-S,Pfizer BioNTech - Comirnaty,SII - Covishield",2021-02-17,5
"Tonga","TON",2022-02-18,157483,69092,"AstraZeneca - Vaxzevria,Pfizer BioNTech - Comirnaty",2021-04-14,2
"Tokelau","TKL",2021-09-28,1936,968,"Pfizer BioNTech - Comirnaty",2021-07-20,1
"Togo","TGO",2022-03-04,2734547,1145453,"SII - Covishield",2021-03-10,1
"Timor-Leste","TLS",2022-03-15,1285685,577299,"AstraZeneca - Vaxzevria,Pfizer BioNTech - Comirnaty,SII - Covishield,Sinovac - CoronaVac",2021-04-07,4
"The United Kingdom","GBR",2022-03-07,140156950,49106830,"AstraZeneca - Vaxzevria,Moderna - Spikevax,Pfizer BioNTech - Comirnaty",2020-12-21,3
"Thailand","THA",2022-03-14,126103531,49905803,"AstraZeneca - Vaxzevria,Beijing CNBG - BBIBP-CorV,Janssen - Ad26.COV 2-S,Moderna - Spikevax,Pfizer BioNTech - Comirnaty,SII - Covishield,Sinovac - CoronaVac",2021-02-28,7
"Tajikistan","TJK",2022-03-06,10121476,4479355,"AstraZeneca - Vaxzevria,Gamaleya - Gam-Covid-Vac,Moderna - Spikevax,Pfizer BioNTech - Comirnaty,SII - Covishield,Sinovac - CoronaVac",2021-03-24,6
"Syrian Arab Republic","SYR",2022-03-01,3264756,1269123,"Beijing CNBG - BBIBP-CorV,Gamaleya - Gam-Covid-Vac,Gamaleya - Sputnik-Light,Janssen - Ad26.COV 2-S,SII - Covishield,Sinovac - CoronaVac",2021-04-01,6
"Switzerland","CHE",2022-02-27,11832350,5812952,"Janssen - Ad26.COV 2-S,Moderna - Spikevax,Pfizer BioNTech - Comirnaty",2020-12-23,3
"Sweden","SWE",2022-03-06,19895283,7352141,"AstraZeneca - Vaxzevria,Moderna - Spikevax,Pfizer BioNTech - Comirnaty",2020-12-23,3
"Suriname","SUR",2022-02-25,545058,234910,"AstraZeneca - Vaxzevria,Beijing CNBG - BBIBP-CorV,Moderna - Spikevax,Pfizer BioNTech - Comirnaty,SII - Covishield",2021-02-23,5
"Sudan","SDN",2022-02-15,5711034,2333416,"Beijing CNBG - BBIBP-CorV,Janssen - Ad26.COV 2-S,Pfizer BioNTech - Comirnaty,SII - Covishield,Sinovac - CoronaVac",2021-03-09,5
"Sri Lanka","LKA",2022-03-15,38954710,14346957,"AstraZeneca - Vaxzevria,Beijing CNBG - BBIBP-CorV,Gamaleya - Gam-Covid-Vac,Moderna - Spikevax,Pfizer BioNTech - Comirnaty,SII - Covishield",2021-01-29,6
"Spain","ESP",2022-03-06,99516790,36312482,"AstraZeneca - Vaxzevria,Janssen - Ad26.COV 2-S,Moderna - Spikevax,Pfizer BioNTech - Comirnaty",2020-12-30,4
"South Sudan","SSD",2022-02-20,524292,432091,"Janssen - Ad26.COV 2-S,SII - Covishield",2021-04-06,2
"South Africa","ZAF",2022-03-13,32548342,18210730,"Janssen - Ad26.COV 2-S,Pfizer BioNTech - Comirnaty",2021-02-17,2
"Somalia","SOM",2022-02-28,1838348,937617,"Beijing CNBG - BBIBP-CorV,Janssen - Ad26.COV 2-S,SII - Covishield,Sinovac - CoronaVac",2021-03-16,4
"Solomon Islands","SLB",2022-02-27,315423,100347,"AstraZeneca - Vaxzevria,Beijing CNBG - BBIBP-CorV,Pfizer BioNTech - Comirnaty,SII - Covishield",2021-03-23,4
"Slovenia","SVN",2022-03-06,2938887,1207491,"AstraZeneca - Vaxzevria,Janssen - Ad26.COV 2-S,Moderna - Spikevax,Pfizer BioNTech - Comirnaty",2020-12-23,4
"Slovakia","SVK",2022-03-06,7028824,2762742,"AstraZeneca - Vaxzevria,Gamaleya - Gam-Covid-Vac,Janssen - Ad26.COV 2-S,Moderna - Spikevax,Pfizer BioNTech - Comirnaty",2021-01-06,5
"Sint Maarten","SXM",2022-02-25,61545,25848,"AstraZeneca - Vaxzevria,Moderna - Spikevax,Pfizer BioNTech - Comirnaty",2021-02-22,3
"Singapore","SGP",2022-02-21,13452417,4898322,"AstraZeneca - Vaxzevria,Beijing CNBG - BBIBP-CorV,Moderna - Spikevax,Pfizer BioNTech - Comirnaty",2020-12-30,4
"Sierra Leone","SLE",2022-03-04,1859571,964902,"Beijing CNBG - BBIBP-CorV,SII - Covishield",2021-03-15,2
"Seychelles","SYC",2022-03-01,198120,79921,"Beijing CNBG - BBIBP-CorV,Gamaleya - Gam-Covid-Vac,Julphar - Hayat-Vax,SII - Covishield",2021-01-10,4
"Serbia","SRB",2022-02-27,6649195,3278979,"AstraZeneca - Vaxzevria,Beijing CNBG - BBIBP-CorV,Gamaleya - Gam-Covid-Vac,Moderna - Spikevax,Pfizer BioNTech - Comirnaty",2020-12-23,5
"Senegal","SEN",2022-03-09,2488671,1035675,"Beijing CNBG - BBIBP-CorV,Janssen - Ad26.COV 2-S,SII - Covishield",2021-02-23,3
"Saudi Arabia","SAU",2022-03-06,61384936,24286609,"AstraZeneca - Vaxzevria,Janssen - Ad26.COV 2-S,Moderna - Spikevax,Pfizer BioNTech - Comirnaty",2021-01-06,4
"Sao Tome and Principe","STP",2022-03-07,193775,79629,"AstraZeneca - Vaxzevria,SII - Covishield",2021-03-15,2
"San Marino","SMR",2022-03-06,67941,23554,"Gamaleya - Gam-Covid-Vac,Pfizer BioNTech - Comirnaty",2021-02-24,2
"Samoa","WSM",2022-02-16,276278,130289,"AstraZeneca - Vaxzevria,Pfizer BioNTech - Comirnaty",2021-04-18,2
"Saint Vincent and the Grenadines","VCT",2022-02-25,67378,29118,"AstraZeneca - Vaxzevria,Gamaleya - Gam-Covid-Vac,Gamaleya - Sputnik-Light,Pfizer BioNTech - Comirnaty,SII - Covishield",2021-02-01,5
"Saint Lucia","LCA",2022-02-25,116213,51912,"AstraZeneca - Vaxzevria,Pfizer BioNTech - Comirnaty,SII - Covishield",2021-02-17,3
"Saint Kitts and Nevis","KNA",2022-02-25,60467,26294,"AstraZeneca - Vaxzevria,Pfizer BioNTech - Comirnaty,SII - Covishield",2021-02-22,3
"Rwanda","RWA",2022-02-24,18038703,7808436,"Beijing CNBG - BBIBP-CorV,Gamaleya - Gam-Covid-Vac,Janssen - Ad26.COV 2-S,Moderna - Spikevax,Pfizer BioNTech - Comirnaty,SII - Covishield,Sinovac - CoronaVac",2021-03-05,7
"Romania","ROU",2022-03-06,15897384,8083779,"AstraZeneca - Vaxzevria,Janssen - Ad26.COV 2-S,Moderna - Spikevax,Pfizer BioNTech - Comirnaty",2021-01-27,4
"Republic of Moldova","MDA",2022-03-06,2109799,1043656,"AstraZeneca - Vaxzevria,Beijing CNBG - BBIBP-CorV,Gamaleya - Gam-Covid-Vac,Janssen - Ad26.COV 2-S,Moderna - Spikevax,Pfizer BioNTech - Comirnaty,Sinovac - CoronaVac",2021-03-03,7
"Republic of Korea","KOR",2022-02-27,118895241,44285420,"AstraZeneca - Vaxzevria,Janssen - Ad26.COV 2-S,Moderna - Spikevax,Novavax - Covavax,Pfizer BioNTech - Comirnaty",2021-02-26,5
"Qatar","QAT",2022-03-03,6398889,2575934,"AstraZeneca - Vaxzevria,Janssen - Ad26.COV 2-S,Moderna - Spikevax,Pfizer BioNTech - Comirnaty",2020-12-23,4
"Portugal","PRT",2022-03-06,23518201,8771695,"AstraZeneca - Vaxzevria,Janssen - Ad26.COV 2-S,Moderna - Spikevax,Pfizer BioNTech - Comirnaty",2020-12-23,4
"Poland","POL",2022-03-06,53457500,22269690,"AstraZeneca - Vaxzevria,Janssen - Ad26.COV 2-S,Moderna - Spikevax,Pfizer BioNTech - Comirnaty",2020-12-23,4
"Pitcairn Islands","PCN",2021-11-11,74,37,"AstraZeneca - Vaxzevria",2021-05-17,1
"Philippines","PHL",2022-02-24,135251295,63016833,"AstraZeneca - Vaxzevria,Beijing CNBG - BBIBP-CorV,Bharat - Covaxin,Gamaleya - Gam-Covid-Vac,Gamaleya - Sputnik-Light,Janssen - Ad26.COV 2-S,Julphar - Hayat-Vax,Moderna - Spikevax,Novavax - Covavax,Pfizer BioNTech - Comirnaty,Sinovac - CoronaVac",2021-03-01,11
"Peru","PER",2022-02-25,61695372,24113780,"AstraZeneca - Vaxzevria,Beijing CNBG - BBIBP-CorV,Pfizer BioNTech - Comirnaty",2021-02-09,3
"Paraguay","PRY",2022-02-25,8070750,3185645,"AstraZeneca - Vaxzevria,Beijing CNBG - BBIBP-CorV,Bharat - Covaxin,Gamaleya - Gam-Covid-Vac,Julphar - Hayat-Vax,Moderna - Spikevax,Pfizer BioNTech - Comirnaty,Sinovac - CoronaVac",2021-02-22,8
"Papua New Guinea","PNG",2022-02-28,412501,250256,"AstraZeneca - Vaxzevria,Beijing CNBG - BBIBP-CorV,Janssen - Ad26.COV 2-S,SII - Covishield",2021-03-30,4
"Panama","PAN",2022-02-25,7544898,2923513,"AstraZeneca - Vaxzevria,Pfizer BioNTech - Comirnaty",2021-01-20,2
"Palau","PLW",2022-02-16,45692,17430,"Janssen - Ad26.COV 2-S,Moderna - Spikevax,Pfizer BioNTech - Comirnaty",2021-01-03,3
"Pakistan","PAK",2022-02-28,213532343,100096471,"Beijing CNBG - BBIBP-CorV,Bharat - Covaxin,CanSino - Convidecia,Gamaleya - Gam-Covid-Vac,Moderna - Spikevax,Pfizer BioNTech - Comirnaty,SII - Covishield,Sinovac - CoronaVac",2021-02-03,8
"Oman","OMN",2022-02-28,6878593,3004483,"AstraZeneca - Vaxzevria,Gamaleya - Gam-Covid-Vac,Pfizer BioNTech - Comirnaty,SII - Covishield,Sinovac - CoronaVac",2020-12-29,5
"occupied Palestinian territory","PSE",2022-03-06,3609984,1716216,"AstraZeneca - Vaxzevria,Beijing CNBG - BBIBP-CorV,Gamaleya - Gam-Covid-Vac,Gamaleya - Sputnik-Light,Janssen - Ad26.COV 2-S,Moderna - Spikevax,Pfizer BioNTech - Comirnaty,Sinovac - CoronaVac",2021-02-02,8
"Norway","NOR",2022-03-06,11238466,4027953,"AstraZeneca - Vaxzevria,Janssen - Ad26.COV 2-S,Moderna - Spikevax,Pfizer BioNTech - Comirnaty",2020-12-23,4
"Northern Mariana Islands (Commonwealth of the)","MNP",2022-02-04,105295,42880,"Janssen - Ad26.COV 2-S,Moderna - Spikevax,Pfizer BioNTech - Comirnaty",2020-12-19,3
"North Macedonia","MKD",2022-03-06,1829630,834203,"AstraZeneca - Vaxzevria,Beijing CNBG - BBIBP-CorV,Gamaleya - Gam-Covid-Vac,Pfizer BioNTech - Comirnaty,Sinovac - CoronaVac,Wuhan CNBG - Inactivated",2021-02-17,6
"Niue","NIU",2021-11-24,2628,1288,"Pfizer BioNTech - Comirnaty",2021-06-08,1
"Nigeria","NGA",2022-03-13,28684071,8763392,"SII - Covishield",2021-03-05,1
"Niger","NER",2022-03-08,2674381,1541167,"Beijing CNBG - BBIBP-CorV,SII - Covishield",2021-03-29,2
"Nicaragua","NIC",2022-02-25,9367505,3944368,"AstraZeneca - Vaxzevria,CIGB - CIGB-66,Finlay - Soberana Plus,Finlay - Soberana-02,Gamaleya - Gam-Covid-Vac,Gamaleya - Sputnik-Light,Janssen - Ad26.COV 2-S,Pfizer BioNTech - Comirnaty,SII - Covishield",2021-03-03,9
"New Zealand","NZL",2022-02-25,10554287,3960755,"AstraZeneca - Vaxzevria,Janssen - Ad26.COV 2-S,Novavax - Covavax,Pfizer BioNTech - Comirnaty",2021-02-19,4
"New Caledonia","NCL",2022-02-28,366995,179277,"Janssen - Ad26.COV 2-S,Pfizer BioNTech - Comirnaty",2021-01-20,2
"Netherlands","NLD",2022-03-06,33943469,12358823,"AstraZeneca - Vaxzevria,Janssen - Ad26.COV 2-S,Moderna - Spikevax,Pfizer BioNTech - Comirnaty",2021-01-06,4
"Nepal","NPL",2022-03-14,42119439,18551561,"AstraZeneca - Vaxzevria,Beijing CNBG - BBIBP-CorV,Bharat - Covaxin,Gamaleya - Gam-Covid-Vac,Janssen - Ad26.COV 2-S,Moderna - Spikevax,Pfizer BioNTech - Comirnaty,SII - Covishield",2021-01-27,8
"Nauru","NRU",2021-12-31,15128,7364,"AstraZeneca - Vaxzevria,SII - Covishield",2021-04-09,2
"Namibia","NAM",2022-03-10,814463,378399,"Beijing CNBG - BBIBP-CorV,Janssen - Ad26.COV 2-S,Pfizer BioNTech - Comirnaty,SII - Covishield",2021-03-19,4
"Myanmar","MMR",2022-03-12,47150926,21427957,"Beijing CNBG - BBIBP-CorV,SII - Covishield",2021-01-27,2
"Mozambique","MOZ",2022-03-10,23563858,11787508,"Beijing CNBG - BBIBP-CorV,Janssen - Ad26.COV 2-S,SII - Covishield",2021-03-08,3
"Morocco","MAR",2022-03-06,53894957,23308809,"AstraZeneca - Vaxzevria,Beijing CNBG - BBIBP-CorV,Gamaleya - Gam-Covid-Vac,Janssen - Ad26.COV 2-S,Pfizer BioNTech - Comirnaty",2021-01-28,5
"Montserrat","MSR",2022-02-25,4089,1749,"AstraZeneca - Vaxzevria",2021-02-08,1
"Montenegro","MNE",2022-02-27,530755,252640,"AstraZeneca - Vaxzevria,Beijing CNBG - BBIBP-CorV,Gamaleya - Gam-Covid-Vac,Pfizer BioNTech - Comirnaty",2021-02-24,4
"Mongolia","MNG",2022-02-25,5568712,2172842,"AstraZeneca - Vaxzevria,Beijing CNBG - BBIBP-CorV,Gamaleya - Gam-Covid-Vac,Moderna - Spikevax,Pfizer BioNTech - Comirnaty,SII - Covishield",2021-02-23,6
"Monaco","MCO",2021-12-21,65140,25667,"Pfizer BioNTech - Comirnaty",2021-06-30,1
"Micronesia (Federated States of)","FSM",2022-02-16,97185,45863,"AstraZeneca - Vaxzevria,Janssen - Ad26.COV 2-S,Moderna - Spikevax,Pfizer BioNTech - Comirnaty",2021-01-13,4
"Mexico","MEX",2022-02-25,179274307,78750047,"AstraZeneca - Vaxzevria,CanSino - Convidecia,Gamaleya - Gam-Covid-Vac,Janssen - Ad26.COV 2-S,Moderna - Spikevax,Pfizer BioNTech - Comirnaty,Sinovac - CoronaVac",2020-12-24,7
"Mauritius","MUS",2022-03-11,2494317,963452,"Beijing CNBG - BBIBP-CorV,Bharat - Covaxin,SII - Covishield",2021-01-26,3
"Mauritania","MRT",2022-03-07,2629302,1049189,"Beijing CNBG - BBIBP-CorV,SII - Covishield",2021-03-26,2
"Marshall Islands","MHL",2022-02-16,51939,23644,"Janssen - Ad26.COV 2-S,Moderna - Spikevax,Pfizer BioNTech - Comirnaty",2020-12-29,3
"Malta","MLT",2022-02-27,1194948,441633,"AstraZeneca - Vaxzevria,Janssen - Ad26.COV 2-S,Moderna - Spikevax,Pfizer BioNTech - Comirnaty",2020-12-23,4
"Mali","MLI",2022-03-11,1769121,907062,"SII - Covishield",2021-03-31,1
"Maldives","MDV",2022-03-12,913264,371439,"AstraZeneca - Vaxzevria,Beijing CNBG - BBIBP-CorV,Gamaleya - Gam-Covid-Vac,Janssen - Ad26.COV 2-S,Moderna - Spikevax,Pfizer BioNTech - Comirnaty,SII - Covishield,Sinovac - CoronaVac",2021-02-01,8
"Malaysia","MYS",2022-02-25,66872362,25748124,"AstraZeneca - Vaxzevria,Beijing CNBG - BBIBP-CorV,CanSino - Convidecia,Gamaleya - Gam-Covid-Vac,Janssen - Ad26.COV 2-S,Moderna - Spikevax,Pfizer BioNTech - Comirnaty,Sinovac - CoronaVac",2021-02-24,8
"Malawi","MWI",2022-02-27,1934835,811786,"Janssen - Ad26.COV 2-S,SII - Covishield",2021-03-11,2
"Madagascar","MDG",2022-03-07,1258980,1012453,"Beijing CNBG - BBIBP-CorV,Janssen - Ad26.COV 2-S,SII - Covishield",2021-05-10,3
"Luxembourg","LUX",2022-03-06,1218804,457607,"AstraZeneca - Vaxzevria,Janssen - Ad26.COV 2-S,Moderna - Spikevax,Pfizer BioNTech - Comirnaty",2020-12-30,4
"Lithuania","LTU",2022-03-06,4441326,1893534,"AstraZeneca - Vaxzevria,Janssen - Ad26.COV 2-S,Moderna - Spikevax,Pfizer BioNTech - Comirnaty",2020-12-23,4
"Libya","LBY",2022-03-06,3347763,1100438,"AstraZeneca - Vaxzevria,Beijing CNBG - BBIBP-CorV,Gamaleya - Gam-Covid-Vac,Janssen - Ad26.COV 2-S,Moderna - Spikevax,Pfizer BioNTech - Comirnaty,Sinovac - CoronaVac",2021-04-11,7
"Liberia","LBR",2022-02-10,1200630,1084591,"SII - Covishield",2021-04-01,1
"Lesotho","LSO",2022-03-04,926760,727528,"Beijing CNBG - BBIBP-CorV,Janssen - Ad26.COV 2-S,SII - Covishield",2021-03-10,3
"Lebanon","LBN",2022-02-28,5452304,2285770,"AstraZeneca - Vaxzevria,Beijing CNBG - BBIBP-CorV,Gamaleya - Gam-Covid-Vac,Pfizer BioNTech - Comirnaty",2021-02-14,4
"Latvia","LVA",2022-02-27,2788256,1262950,"AstraZeneca - Vaxzevria,Janssen - Ad26.COV 2-S,Moderna - Spikevax,Pfizer BioNTech - Comirnaty",2020-12-30,4
"Lao People's Democratic Republic","LAO",2022-02-17,8791236,4255830,"AstraZeneca - Vaxzevria,Beijing CNBG - BBIBP-CorV,Gamaleya - Gam-Covid-Vac,Gamaleya - Sputnik-Light,Janssen - Ad26.COV 2-S,Pfizer BioNTech - Comirnaty,SII - Covishield,Sinovac - CoronaVac",2020-11-25,8
"Kyrgyzstan","KGZ",2022-02-27,2535119,1126345,"AstraZeneca - Vaxzevria,Beijing CNBG - BBIBP-CorV,Gamaleya - Gam-Covid-Vac,Moderna - Spikevax,Pfizer BioNTech - Comirnaty,RIBSP - QazVac",2021-03-31,6
"Kuwait","KWT",2022-03-06,7592265,3277287,"AstraZeneca - Vaxzevria,Beijing CNBG - BBIBP-CorV,Janssen - Ad26.COV 2-S,Moderna - Spikevax,Pfizer BioNTech - Comirnaty",2020-12-28,5
"Kiribati","KIR",2022-02-19,127916,50428,"AstraZeneca - Vaxzevria,Beijing CNBG - BBIBP-CorV",2021-05-26,2
"Kenya","KEN",2022-03-11,17054582,7800245,"Beijing CNBG - BBIBP-CorV,Janssen - Ad26.COV 2-S,Moderna - Spikevax,Pfizer BioNTech - Comirnaty,SII - Covishield",2021-03-05,5
"Kazakhstan","KAZ",2022-02-27,20925532,8288263,"Beijing CNBG - BBIBP-CorV,Gamaleya - Gam-Covid-Vac,Pfizer BioNTech - Comirnaty,RIBSP - QazVac,Sinovac - CoronaVac",2021-04-07,5
"Jordan","JOR",2022-03-02,9649298,4385036,"AstraZeneca - Vaxzevria,Beijing CNBG - BBIBP-CorV,Gamaleya - Gam-Covid-Vac,Janssen - Ad26.COV 2-S,Moderna - Spikevax,Pfizer BioNTech - Comirnaty",2021-01-13,6
"Japan","JPN",2022-02-24,223820819,100178635,"AstraZeneca - Vaxzevria,Moderna - Spikevax,Novavax - Covavax,Pfizer BioNTech - Comirnaty",2021-02-17,4
"Jamaica","JAM",2022-02-25,1353947,648481,"AstraZeneca - Vaxzevria,Beijing CNBG - BBIBP-CorV,Janssen - Ad26.COV 2-S,Pfizer BioNTech - Comirnaty,SII - Covishield",2021-03-10,5
"Italy","ITA",2022-03-06,132230182,47132784,"AstraZeneca - Vaxzevria,Janssen - Ad26.COV 2-S,Moderna - Spikevax,Pfizer BioNTech - Comirnaty",2020-12-23,4
"Israel","ISR",2022-03-06,14814122,6373477,"AstraZeneca - Vaxzevria,Moderna - Spikevax,Pfizer BioNTech - Comirnaty",2020-12-16,3
"Ireland","IRL",2022-03-06,10529277,3960771,"AstraZeneca - Vaxzevria,Janssen - Ad26.COV 2-S,Moderna - Spikevax,Pfizer BioNTech - Comirnaty",2020-12-30,4
"Iraq","IRQ",2022-03-05,17014009,6892020,"AstraZeneca - Vaxzevria,Beijing CNBG - BBIBP-CorV,Gamaleya - Gam-Covid-Vac,Pfizer BioNTech - Comirnaty",2021-03-02,4
"Iran (Islamic Republic of)","IRN",2022-03-06,142195819,55717367,"AstraZeneca - Vaxzevria,Beijing CNBG - BBIBP-CorV,Bharat - Covaxin,Finlay - Soberana-02,Gamaleya - Gam-Covid-Vac,Shifa - COVIran Barakat",2021-02-09,6
"Indonesia","IDN",2022-03-15,360765483,152043831,"AstraZeneca - Vaxzevria,Beijing CNBG - BBIBP-CorV,Janssen - Ad26.COV 2-S,Moderna - Spikevax,Novavax - Covavax,Pfizer BioNTech - Comirnaty,Sinovac - CoronaVac",2021-01-13,7
"India","IND",2022-03-15,1805830502,816793298,"Bharat - Covaxin,Gamaleya - Gam-Covid-Vac,Janssen - Ad26.COV 2-S,Moderna - Spikevax,SII - Covishield,Zydus - ZyCov-D",2021-01-16,6
"Iceland","ISL",2022-03-06,790396,295843,"AstraZeneca - Vaxzevria,Janssen - Ad26.COV 2-S,Moderna - Spikevax,Pfizer BioNTech - Comirnaty",2020-12-30,4
"Hungary","HUN",2022-03-06,15968899,6120666,"AstraZeneca - Vaxzevria,Beijing CNBG - BBIBP-CorV,Gamaleya - Gam-Covid-Vac,Janssen - Ad26.COV 2-S,Moderna - Spikevax,Pfizer BioNTech - Comirnaty,Sinovac - CoronaVac",2020-12-23,7
"Honduras","HND",2022-02-25,11561083,4563441,"AstraZeneca - Vaxzevria,Gamaleya - Gam-Covid-Vac,Janssen - Ad26.COV 2-S,Moderna - Spikevax,Pfizer BioNTech - Comirnaty,SII - Covishield",2021-02-26,6
"Guyana","GUY",2022-02-25,863110,349754,"AstraZeneca - Vaxzevria,Beijing CNBG - BBIBP-CorV,Gamaleya - Gam-Covid-Vac,Moderna - Spikevax,Pfizer BioNTech - Comirnaty,SII - Covishield",2021-02-11,6
"Guinea-Bissau","GNB",2022-03-13,562296,341270,"Beijing CNBG - BBIBP-CorV,SII - Covishield",2021-04-02,2
"Guinea","GIN",2022-03-13,5835471,2439433,"Beijing CNBG - BBIBP-CorV,Gamaleya - Gam-Covid-Vac,Janssen - Ad26.COV 2-S,Pfizer BioNTech - Comirnaty,SII - Covishield,Sinovac - CoronaVac",2021-03-05,6
"Guatemala","GTM",2022-02-25,14535479,5608096,"AstraZeneca - Vaxzevria,Gamaleya - Gam-Covid-Vac,Moderna - Spikevax,Pfizer BioNTech - Comirnaty,SII - Covishield",2021-02-25,5
"Guam","GUM",2022-02-16,317874,133367,"Janssen - Ad26.COV 2-S,Moderna - Spikevax,Pfizer BioNTech - Comirnaty",2021-01-04,3
"Guadeloupe","GLP",2022-02-25,362639,140020,"AstraZeneca - Vaxzevria,Janssen - Ad26.COV 2-S,Moderna - Spikevax,Pfizer BioNTech - Comirnaty",2021-01-08,6
"Grenada","GRD",2022-02-25,85891,37460,"AstraZeneca - Vaxzevria,Janssen - Ad26.COV 2-S,Pfizer BioNTech - Comirnaty,SII - Covishield",2021-02-15,4
"Greece","GRC",2022-03-06,20181739,7617198,"AstraZeneca - Vaxzevria,Janssen - Ad26.COV 2-S,Moderna - Spikevax,Pfizer BioNTech - Comirnaty",2020-12-23,4
"Ghana","GHA",2022-02-25,12637542,4867214,"Gamaleya - Gam-Covid-Vac,SII - Covishield",2021-03-02,2
"Germany","DEU",2022-03-06,170482803,62850486,"AstraZeneca - Vaxzevria,Janssen - Ad26.COV 2-S,Moderna - Spikevax,Pfizer BioNTech - Comirnaty",2020-12-23,4
"Georgia","GEO",2022-02-27,2608016,1144206,"AstraZeneca - Vaxzevria,Beijing CNBG - BBIBP-CorV,Pfizer BioNTech - Comirnaty,Sinovac - CoronaVac",2021-03-17,4
"Gambia","GMB",2022-02-16,362079,316887,"Beijing CNBG - BBIBP-CorV,SII - Covishield",2021-03-10,2
"Gabon","GAB",2022-02-09,545642,245649,"Beijing CNBG - BBIBP-CorV,Gamaleya - Gam-Covid-Vac,Pfizer BioNTech - Comirnaty",2021-03-23,3
"French Polynesia","PYF",2022-02-22,414137,180364,"Janssen - Ad26.COV 2-S,Pfizer BioNTech - Comirnaty",2021-01-18,2
"French Guiana","GUF",2022-02-25,219105,86248,"Moderna - Spikevax,Pfizer BioNTech - Comirnaty",2021-01-13,2
"France","FRA",2022-03-06,153822238,53871245,"AstraZeneca - Vaxzevria,Janssen - Ad26.COV 2-S,Moderna - Spikevax,Pfizer BioNTech - Comirnaty",2020-12-30,4
"Finland","FIN",2022-03-06,11506726,4248542,"AstraZeneca - Vaxzevria,Janssen - Ad26.COV 2-S,Moderna - Spikevax,Pfizer BioNTech - Comirnaty",2020-12-23,4
"Fiji","FJI",2022-02-28,1288363,620415,"AstraZeneca - Vaxzevria,Moderna - Spikevax,SII - Covishield",2021-03-07,3
"Ethiopia","ETH",2022-03-13,28705008,20481066,"Beijing CNBG - BBIBP-CorV,Bharat - Covaxin,Janssen - Ad26.COV 2-S,SII - Covishield",2021-03-13,4
"Eswatini","SWZ",2022-03-09,503477,336066,"Janssen - Ad26.COV 2-S,Pfizer BioNTech - Comirnaty,SII - Covishield",2021-03-19,3
"Estonia","EST",2022-03-06,2022786,832921,"AstraZeneca - Vaxzevria,Janssen - Ad26.COV 2-S,Moderna - Spikevax,Pfizer BioNTech - Comirnaty",2020-12-23,4
"Equatorial Guinea","GNQ",2022-02-14,455655,204181,"Beijing CNBG - BBIBP-CorV,Sinovac - CoronaVac",2021-02-12,2
"El Salvador","SLV",2022-02-25,10174711,4262971,"AstraZeneca - Vaxzevria,Beijing CNBG - BBIBP-CorV,Moderna - Spikevax,Pfizer BioNTech - Comirnaty,SII - Covishield,Sinovac - CoronaVac",2021-02-17,6
"Egypt","EGY",2022-03-01,71361630,30174310,"AstraZeneca - Vaxzevria,Beijing CNBG - BBIBP-CorV,Gamaleya - Gam-Covid-Vac,Janssen - Ad26.COV 2-S,Pfizer BioNTech - Comirnaty,Sinovac - CoronaVac",2021-01-24,6
"Ecuador","ECU",2022-02-25,31772830,13535095,"AstraZeneca - Vaxzevria,CanSino - Convidecia,Pfizer BioNTech - Comirnaty,Sinovac - CoronaVac",2021-01-20,4
"Dominican Republic","DOM",2022-02-25,15173404,5855045,"AstraZeneca - Vaxzevria,SII - Covishield,Sinovac - CoronaVac",2021-02-16,3
"Dominica","DMA",2022-02-25,61649,29536,"AstraZeneca - Vaxzevria,Beijing CNBG - BBIBP-CorV,Pfizer BioNTech - Comirnaty,SII - Covishield",2021-02-12,4
"Djibouti","DJI",2022-02-26,160742,100289,"Beijing CNBG - BBIBP-CorV,Gamaleya - Gam-Covid-Vac,Janssen - Ad26.COV 2-S,Pfizer BioNTech - Comirnaty,SII - Covishield,Sinovac - CoronaVac",2021-03-15,6
"Denmark","DNK",2022-03-06,13178651,4789881,"AstraZeneca - Vaxzevria,Janssen - Ad26.COV 2-S,Moderna - Spikevax,Pfizer BioNTech - Comirnaty",2020-12-16,4
"Democratic Republic of the Congo","COD",2022-02-28,850731,442965,"SII - Covishield",2021-04-19,1
"Czechia","CZE",2022-03-06,17361011,6844045,"AstraZeneca - Vaxzevria,Janssen - Ad26.COV 2-S,Moderna - Spikevax,Pfizer BioNTech - Comirnaty",2020-12-23,4
"Cyprus","CYP",2022-03-06,1719800,655009,"AstraZeneca - Vaxzevria,Janssen - Ad26.COV 2-S,Moderna - Spikevax,Pfizer BioNTech - Comirnaty",2020-12-23,4
"Curaçao","CUW",2022-02-25,244091,98126,"AstraZeneca - Vaxzevria,Moderna - Spikevax,Pfizer BioNTech - Comirnaty",2021-02-24,3
"Croatia","HRV",2022-03-06,5200601,2228484,"AstraZeneca - Vaxzevria,Janssen - Ad26.COV 2-S,Moderna - Spikevax,Pfizer BioNTech - Comirnaty",2020-12-23,4
"Côte d’Ivoire","CIV",2022-03-08,10108543,4178108,"Beijing CNBG - BBIBP-CorV,Gamaleya - Gam-Covid-Vac,Janssen - Ad26.COV 2-S,Pfizer BioNTech - Comirnaty,SII - Covishield",2021-03-01,5
"Costa Rica","CRI",2022-02-25,8970610,3787890,"AstraZeneca - Vaxzevria,Pfizer BioNTech - Comirnaty",2020-12-24,2
"Cook Islands","COK",2022-02-19,36399,12773,"Pfizer BioNTech - Comirnaty",2021-05-17,1
"Congo","COG",2022-03-11,817927,640017,"Beijing CNBG - BBIBP-CorV,Gamaleya - Gam-Covid-Vac,Moderna - Spikevax,SII - Covishield",2021-03-23,4
"Comoros","COM",2022-03-04,637961,301218,"Beijing CNBG - BBIBP-CorV,Bharat - Covaxin,SII - Covishield",2021-04-10,3
"Colombia","COL",2022-02-25,76733198,33371543,"AstraZeneca - Vaxzevria,Janssen - Ad26.COV 2-S,Moderna - Spikevax,Pfizer BioNTech - Comirnaty,Sinovac - CoronaVac",2021-02-17,5
"China","CHN",2022-02-27,3138003103,1235633241,"Anhui ZL - Recombinant,Beijing CNBG - BBIBP-CorV,CanSino - Convidecia,IMB - Covidful,Pfizer BioNTech - Comirnaty,Shenzhen - LV-SMENP-DC,Sinovac - CoronaVac,Wuhan CNBG - Inactivated",2020-07-22,8
"Chile","CHL",2022-02-25,48356547,17183623,"AstraZeneca - Vaxzevria,CanSino - Convidecia,Pfizer BioNTech - Comirnaty,Sinovac - CoronaVac",2020-12-21,4
"Chad","TCD",2022-03-04,412309,147640,"Beijing CNBG - BBIBP-CorV",2021-06-04,1
"Central African Republic","CAF",2022-03-11,946264,824469,"Bharat - Covaxin,SII - Covishield",2021-03-19,2
"Cayman Islands","CYM",2022-02-25,143257,59726,"Pfizer BioNTech - Comirnaty",2021-01-15,1
"Canada","CAN",2022-02-25,80233844,30693702,"AstraZeneca - Vaxzevria,Janssen - Ad26.COV 2-S,Moderna - Spikevax,Pfizer BioNTech - Comirnaty,SII - Covishield",2020-12-14,5
"Cameroon","CMR",2022-03-09,1273072,813530,"Beijing CNBG - BBIBP-CorV,Janssen - Ad26.COV 2-S,Pfizer BioNTech - Comirnaty,SII - Covishield",2021-04-12,4
"Cambodia","KHM",2022-02-25,35067827,13841557,"AstraZeneca - Vaxzevria,Beijing CNBG - BBIBP-CorV,Janssen - Ad26.COV 2-S,Moderna - Spikevax,Pfizer BioNTech - Comirnaty,SII - Covishield,Sinovac - CoronaVac",2021-02-10,7
"Cabo Verde","CPV",2022-03-11,719120,303530,"Beijing CNBG - BBIBP-CorV,Moderna - Spikevax,Pfizer BioNTech - Comirnaty,SII - Covishield",2021-03-18,4
"Burundi","BDI",2022-03-12,11860,9530,"Beijing CNBG - BBIBP-CorV",2021-10-18,1
"Burkina Faso","BFA",2022-03-06,2330052,1152574,"Beijing CNBG - BBIBP-CorV,Janssen - Ad26.COV 2-S,SII - Covishield",2021-06-02,3
"Bulgaria","BGR",2022-03-06,4311253,2042400,"AstraZeneca - Vaxzevria,Janssen - Ad26.COV 2-S,Moderna - Spikevax,Pfizer BioNTech - Comirnaty",2020-12-30,4
"Brunei Darussalam","BRN",2022-02-25,1041610,404502,"AstraZeneca - Vaxzevria,Beijing CNBG - BBIBP-CorV,Janssen - Ad26.COV 2-S,Moderna - Spikevax,Pfizer BioNTech - Comirnaty",2021-04-03,5
"British Virgin Islands","VGB",2022-02-25,36610,17325,"AstraZeneca - Vaxzevria,Janssen - Ad26.COV 2-S",2021-02-11,2
"Brazil","BRA",2022-02-25,369527744,148777530,"AstraZeneca - Vaxzevria,Janssen - Ad26.COV 2-S,Pfizer BioNTech - Comirnaty,SII - Covishield,Sinovac - CoronaVac",2021-01-17,5
"Botswana","BWA",2022-03-13,1445394,1263041,"Bharat - Covaxin,Janssen - Ad26.COV 2-S,Moderna - Spikevax,Pfizer BioNTech - Comirnaty,SII - Covishield,Sinovac - CoronaVac",2021-03-26,6
"Bonaire, Sint Eustatius and Saba","BES",2021-04-09,7391,2965,"Moderna - Spikevax,Pfizer BioNTech - Comirnaty",2021-02-22,2
"Bolivia (Plurinational State of)","BOL",2022-02-25,12606278,5614579,"Beijing CNBG - BBIBP-CorV,Gamaleya - Gam-Covid-Vac,Janssen - Ad26.COV 2-S,Moderna - Spikevax,Pfizer BioNTech - Comirnaty,SII - Covishield",2021-01-30,6
"Bhutan","BTN",2022-03-13,1738277,577321,"AstraZeneca - Vaxzevria,Beijing CNBG - BBIBP-CorV,Moderna - Spikevax,Pfizer BioNTech - Comirnaty,SII - Covishield",2021-03-27,5
"Bermuda","BMU",2022-02-25,124342,46119,"AstraZeneca - Vaxzevria,Pfizer BioNTech - Comirnaty",2021-01-11,2
"Benin","BEN",2022-03-08,3060435,2214327,"AstraZeneca - Vaxzevria,Janssen - Ad26.COV 2-S,Pfizer BioNTech - Comirnaty,SII - Covishield,Sinovac - CoronaVac",2021-03-29,5
"Belize","BLZ",2022-02-25,458351,206583,"AstraZeneca - Vaxzevria,Beijing CNBG - BBIBP-CorV,Janssen - Ad26.COV 2-S,Pfizer BioNTech - Comirnaty,SII - Covishield",2021-03-01,5
"Belgium","BEL",2022-03-06,24746410,9086296,"AstraZeneca - Vaxzevria,Janssen - Ad26.COV 2-S,Moderna - Spikevax,Pfizer BioNTech - Comirnaty",2020-12-30,4
"Belarus","BLR",2022-03-06,11046924,5107020,"Beijing CNBG - BBIBP-CorV,Gamaleya - Gam-Covid-Vac",2021-02-03,2
"Barbados","BRB",2022-02-25,309125,149167,"AstraZeneca - Vaxzevria,Beijing CNBG - BBIBP-CorV,Janssen - Ad26.COV 2-S,Pfizer BioNTech - Comirnaty,SII - Covishield",2021-01-08,5
"Bangladesh","BGD",2022-03-15,221917416,90412284,"AstraZeneca - Vaxzevria,Beijing CNBG - BBIBP-CorV,Gamaleya - Gam-Covid-Vac,Janssen - Ad26.COV 2-S,Moderna - Spikevax,Pfizer BioNTech - Comirnaty,SII - Covishield,Sinovac - CoronaVac",2021-01-27,8
"Bahrain","BHR",2022-03-06,3410306,1212914,"AstraZeneca - Vaxzevria,Beijing CNBG - BBIBP-CorV,Gamaleya - Gam-Covid-Vac,Gamaleya - Sputnik-Light,Janssen - Ad26.COV 2-S,Moderna - Spikevax,Pfizer BioNTech - Comirnaty,SII - Covishield",2020-11-04,8
"Bahamas","BHS",2022-02-25,327515,153878,"AstraZeneca - Vaxzevria,Janssen - Ad26.COV 2-S,Pfizer BioNTech - Comirnaty,SII - Covishield",2021-03-14,4
"Azerbaijan","AZE",2022-02-27,12854328,4789819,"AstraZeneca - Vaxzevria,Gamaleya - Gam-Covid-Vac,Pfizer BioNTech - Comirnaty,Sinovac - CoronaVac",2021-01-20,4
"Austria","AUT",2022-03-06,17937136,6572753,"AstraZeneca - Vaxzevria,Janssen - Ad26.COV 2-S,Moderna - Spikevax,Pfizer BioNTech - Comirnaty",2020-12-30,4
"Australia","AUS",2022-02-27,54043583,20475638,"AstraZeneca - Vaxzevria,Janssen - Ad26.COV 2-S,Moderna - Spikevax,Novavax - Covavax,Pfizer BioNTech - Comirnaty",2021-02-21,5
"Aruba","ABW",2022-02-25,167759,80409,"Janssen - Ad26.COV 2-S,Pfizer BioNTech - Comirnaty",2021-02-17,2
"Armenia","ARM",2022-02-27,2042616,919397,"AstraZeneca - Vaxzevria,Beijing CNBG - BBIBP-CorV,Gamaleya - Gam-Covid-Vac,Moderna - Spikevax,Sinovac - CoronaVac",2021-06-16,5
"Argentina","ARG",2022-02-25,93008081,36237826,"AstraZeneca - Vaxzevria,Beijing CNBG - BBIBP-CorV,CanSino - Convidecia,Gamaleya - Gam-Covid-Vac,Moderna - Spikevax,Pfizer BioNTech - Comirnaty,SII - Covishield",2020-12-29,7
"Antigua and Barbuda","ATG",2022-02-25,124726,61144,"AstraZeneca - Vaxzevria,Beijing CNBG - BBIBP-CorV,Gamaleya - Gam-Covid-Vac,Janssen - Ad26.COV 2-S,Pfizer BioNTech - Comirnaty,SII - Covishield",2021-03-01,6
"Anguilla","AIA",2022-02-25,22165,9531,"AstraZeneca - Vaxzevria,Pfizer BioNTech - Comirnaty",2021-02-05,2
"Angola","AGO",2022-03-08,16850195,5699666,"SII - Covishield",2021-03-10,1
"Andorra","AND",2022-02-20,151284,53301,"AstraZeneca - Vaxzevria,Moderna - Spikevax,Pfizer BioNTech - Comirnaty",2021-01-20,3
"American Samoa","ASM",2022-02-16,85050,37805,"Janssen - Ad26.COV 2-S,Moderna - Spikevax,Pfizer BioNTech - Comirnaty",2020-12-21,3
"Algeria","DZA",2022-03-09,13704895,6110712,"Beijing CNBG - BBIBP-CorV,Gamaleya - Gam-Covid-Vac,SII - Covishield,Sinovac - CoronaVac",2021-01-30,4
"Albania","ALB",2022-03-06,2743218,1206355,"AstraZeneca - Vaxzevria,Gamaleya - Gam-Covid-Vac,Pfizer BioNTech - Comirnaty,SII - Covishield,Sinovac - CoronaVac",2021-01-13,5
"Afghanistan","AFG",2022-03-06,5597130,4281934,"Beijing CNBG - BBIBP-CorV,Janssen - Ad26.COV 2-S,Pfizer BioNTech - Comirnaty,SII - Covishield",2021-02-22,4
